"bucket","n","auc"
"tiny",8844,0.952581535081259
"small",33006,0.953551750870376
"medium",46817,0.941489726545646
"large",42914,0.931821407083298
