{
  "intercept": 1.1927,
  "coefficients": {
    "r_total_grants": -3.29756963354897,
    "r_total_funders": 2.86378151543404,
    "r_ntee_": -2.52709632799892,
    "r_funder_states": 2.42934228078451,
    "match_sector_pct": 2.41009680309889,
    "match_state_pct": 2.02349046185382,
    "f_log_grants_per_year": 1.32026968223772,
    "f_total_grants": 1.29651188759445,
    "f_log_total_grants": -1.23115256222575,
    "f_repeat_rate": -1.12719185610349,
    "f_openness_score": -0.92933583379776,
    "r_funding_trend": 0.820945600581486,
    "f_sector_hhi": -0.727357472035126,
    "f_sectors_funded": -0.653553397184807,
    "r_total_funding": 0.497457673313527,
    "r_assets": 0.489386301826886,
    "match_same_state": 0.454398107282619,
    "r_log_total_revenue": -0.406402739186126,
    "f_in_state_pct": -0.368425605982175,
    "f_states_funded": 0.363592483914422,
    "r_size_MEDIUM": 0.357316981078454,
    "r_ntee_B": -0.335931980257787,
    "f_years_active": 0.303797415180257,
    "r_state_NY": -0.284678120928414,
    "r_state_CA": -0.273959502410794,
    "match_grant_size_ratio": -0.261823015739611,
    "f_total_giving": -0.24792645794774,
    "r_size_SMALL": 0.228742416260906,
    "f_primary_sector_pct": 0.21014607694711,
    "r_size_LARGE": 0.197416280265079,
    "f_grant_cv": 0.192258706921062,
    "r_ntee_A": -0.191029991984393,
    "r_ntee_P": -0.175982749316219,
    "r_state_": 0.160235571064301,
    "r_ntee_D": -0.153274790021523,
    "r_total_revenue": 0.133189392624978,
    "r_log_assets": 0.123267184243979,
    "f_median_grant": 0.117108810437401,
    "r_mission_length": 0.113629123721323,
    "r_state_MI": -0.111887190810699,
    "f_log_median_grant": 0.110348755919336,
    "f_state_NY": -0.109225374962765,
    "r_size_": -0.106670619292514,
    "match_budget_in_range": 0.105361487383154,
    "r_state_IL": -0.0895942582574285,
    "f_state_CA": -0.084284620362353,
    "f_foundation_age": -0.0836930726059773,
    "f_assets": 0.0808122227526382,
    "f_state_DE": -0.0773205874277773,
    "r_state_TX": -0.0717058790418853,
    "f_has_paid_staff": -0.0709448815080379,
    "f_state_NJ": -0.062584950791333,
    "r_state_FL": -0.0598266570230755,
    "r_ntee_E": -0.0591550439268594,
    "f_log_total_giving": -0.0534524848455207,
    "f_state_TX": -0.0529304401495412,
    "r_avg_grant": -0.0482741578972154,
    "r_ntee_T": 0.0448685412627818,
    "r_size_TINY": 0.0367731933163136,
    "f_state_MA": -0.0365354747142415,
    "r_log_avg_grant": -0.0352403392683828,
    "f_state_IL": -0.031331843185101,
    "f_state_FL": -0.0265565247613869,
    "r_ntee_Q": -0.0251177632948934,
    "f_state_PA": -0.0232380594971216,
    "r_ntee_X": -0.0214804673823765,
    "r_state_MA": 0.011741695233325,
    "r_has_embedding": -0.00976699750106015,
    "f_avg_grant": 0.00894855993582521,
    "r_state_PA": 0.00856570669690653,
    "f_log_assets": 0.00730789752490237,
    "f_payout_rate": 0.00620522506040114,
    "f_officer_count": -0.0040510806349673,
    "r_employee_count": 0.00113427866893531,
    "f_accepts_apps": -0.000873672696056799
  }
}