{
  "intercept": 0.604815152484611,
  "coefficients": {
    "f_total_grants": 1.68067612778657,
    "match_same_state": 1.57361220852048,
    "r_size_SMALL": -1.15290197486893,
    "r_size_": -1.11256730007838,
    "r_assets": 0.977611687606243,
    "r_size_TINY": -0.964912522832036,
    "f_repeat_rate": -0.915902744931031,
    "f_openness_score": -0.759806908792245,
    "f_sectors_funded": -0.737306892485722,
    "r_size_MEDIUM": -0.703477527733383,
    "r_employee_count": -0.531934691143563,
    "r_total_revenue": 0.504649628218673,
    "f_in_state_pct": -0.410755863701191,
    "r_size_LARGE": -0.229215567048557,
    "f_total_giving": -0.205650245432856,
    "f_state_NY": -0.14852372760682,
    "r_ntee_E": -0.146412027813623,
    "r_ntee_": -0.13579495163614,
    "r_state_MI": -0.127056883901547,
    "r_mission_length": 0.119977857952537,
    "f_grant_cv": 0.11950296066749,
    "f_states_funded": 0.119487618519417,
    "r_state_IL": -0.10566371670528,
    "r_state_CA": -0.105645031467312,
    "r_ntee_B": -0.0961511578974611,
    "r_state_MA": 0.0792648896347889,
    "f_state_CA": -0.0729051640030544,
    "r_state_FL": -0.0726109936489556,
    "f_foundation_age": -0.0721571462560033,
    "r_ntee_Q": 0.0708637147255444,
    "r_state_": 0.0607894142727098,
    "r_ntee_T": 0.0599367044058966,
    "f_assets": 0.0544565945446594,
    "r_has_embedding": 0.0540210354256425,
    "r_state_TX": -0.0474008764428302,
    "f_state_NJ": -0.0446006434151429,
    "f_state_MA": -0.0419943815489631,
    "r_ntee_P": -0.0406828333724601,
    "r_state_PA": -0.0384000468195014,
    "r_ntee_D": -0.0279191298063422,
    "f_median_grant": 0.0277856194922118,
    "r_state_NY": -0.0260563835113412,
    "f_state_TX": -0.0229358526166072,
    "f_state_IL": -0.0204760401052207,
    "f_has_paid_staff": -0.0188763941546189,
    "f_primary_sector_pct": 0.0161924179009632,
    "f_accepts_apps": -0.0119859969350397,
    "r_avg_grant": -0.0116650433773045,
    "f_state_PA": -0.0099497393269826,
    "r_ntee_A": -0.0094134495594153,
    "f_state_FL": -0.0077289398439674,
    "f_state_DE": -0.0076016624004249,
    "f_officer_count": 0.0063215910060227,
    "f_payout_rate": 0.0032411801279145,
    "f_years_active": 0.0015088522701076,
    "r_ntee_X": 0.0002413487178277
  }
}