{
  "f_assets": 5928171.0,
  "f_total_giving": 690749.0,
  "f_avg_grant": 11499.9385245902,
  "f_states_funded": 15.0,
  "f_sectors_funded": 16.0,
  "f_payout_rate": 0.0741276628851239,
  "f_years_active": 5.0,
  "f_foundation_age": 7.0,
  "f_grant_cv": 1.93085595173423,
  "f_primary_sector_pct": 0.238636363636364,
  "r_avg_grant": 10000.0,
  "r_total_revenue": 1655210.0,
  "r_total_expenses": 1543011.0,
  "r_assets": 4394224.0,
  "r_employee_count": 20.0,
  "r_org_age": 0.0
}