{
  "f_assets": {
    "mean": 245585753.950411,
    "sd": 2782812458.23135
  },
  "f_total_giving": {
    "mean": 16019534.4631554,
    "sd": 179551627.266208
  },
  "f_total_grants": {
    "mean": 1343.9913877033,
    "sd": 4421.48334944626
  },
  "f_avg_grant": {
    "mean": 48159.7804210954,
    "sd": 261500.425373485
  },
  "f_median_grant": {
    "mean": 15586.1575407488,
    "sd": 113462.202080883
  },
  "f_repeat_rate": {
    "mean": 0.501196423065064,
    "sd": 0.181467781427057
  },
  "f_in_state_pct": {
    "mean": 0.509850612506192,
    "sd": 0.324557502955062
  },
  "f_states_funded": {
    "mean": 19.4769274759572,
    "sd": 20.5987865081055
  },
  "f_sectors_funded": {
    "mean": 16.0444908020465,
    "sd": 6.56062697558094
  },
  "f_openness_score": {
    "mean": 0.497564454402018,
    "sd": 0.179740072732903
  },
  "f_accepts_apps": {
    "mean": 0.382545039705948,
    "sd": 0.486008661562932
  },
  "f_payout_rate": {
    "mean": 10.4440515746101,
    "sd": 1629.45006091822
  },
  "f_officer_count": {
    "mean": 4.93975545384815,
    "sd": 1.41363713498719
  },
  "f_has_paid_staff": {
    "mean": 0.23830367929164,
    "sd": 0.426045892410298
  },
  "f_years_active": {
    "mean": 4.93386654376512,
    "sd": 1.33676869934128
  },
  "f_foundation_age": {
    "mean": 6.32415099984307,
    "sd": 1.11391185716373
  },
  "f_grant_cv": {
    "mean": 3.07433649006461,
    "sd": 3.8291362943703
  },
  "f_primary_sector_pct": {
    "mean": 0.286178958017106,
    "sd": 0.155436551318498
  },
  "r_avg_grant": {
    "mean": 38161.999458998,
    "sd": 383017.929889755
  },
  "r_total_revenue": {
    "mean": 93244491.6946823,
    "sd": 624434316.297787
  },
  "r_total_expenses": {
    "mean": 87796042.0741221,
    "sd": 581956564.303077
  },
  "r_assets": {
    "mean": 313463208.767275,
    "sd": 2830919979.52703
  },
  "r_employee_count": {
    "mean": 473.41191093901,
    "sd": 3316.08389557863
  },
  "r_mission_length": {
    "mean": 174.009165427177,
    "sd": 187.489452171253
  },
  "r_org_age": {
    "mean": 0.0,
    "sd": 1.0
  },
  "r_has_embedding": {
    "mean": 0.727067412455616,
    "sd": 0.445466567918676
  },
  "match_same_state": {
    "mean": 0.261710103029281,
    "sd": 0.439565690215706
  },
  "f_state_NY": {
    "mean": 0.130926903347707,
    "sd": 0.337320457646375
  },
  "f_state_CA": {
    "mean": 0.103673190666098,
    "sd": 0.304836176258385
  },
  "f_state_TX": {
    "mean": 0.0597116297429101,
    "sd": 0.236951834033161
  },
  "f_state_IL": {
    "mean": 0.0572837360895035,
    "sd": 0.232384013039904
  },
  "f_state_FL": {
    "mean": 0.0543567386544853,
    "sd": 0.22672031781266
  },
  "f_state_PA": {
    "mean": 0.0507255565025541,
    "sd": 0.219436761089558
  },
  "f_state_MA": {
    "mean": 0.0436315202782044,
    "sd": 0.204273899587258
  },
  "f_state_DE": {
    "mean": 0.0421709617891584,
    "sd": 0.200979070095285
  },
  "f_state_NJ": {
    "mean": 0.03348111656646,
    "sd": 0.179889252856306
  },
  "r_state_NY": {
    "mean": 0.114543215294186,
    "sd": 0.31846994269498
  },
  "r_state_CA": {
    "mean": 0.105458644400317,
    "sd": 0.307143538745583
  },
  "r_state_TX": {
    "mean": 0.0532332038530224,
    "sd": 0.224498214656155
  },
  "r_state_FL": {
    "mean": 0.0477217455989374,
    "sd": 0.213176915490496
  },
  "r_state_IL": {
    "mean": 0.0402921558012361,
    "sd": 0.196643617221567
  },
  "r_state_MA": {
    "mean": 0.0360056702305911,
    "sd": 0.186304253033811
  },
  "r_state_": {
    "mean": 0.0359781055887495,
    "sd": 0.186235588044399
  },
  "r_state_PA": {
    "mean": 0.0357281861693858,
    "sd": 0.185611679439666
  },
  "r_state_MI": {
    "mean": 0.0303960818515501,
    "sd": 0.171674607590896
  },
  "r_ntee_": {
    "mean": 0.270301818127023,
    "sd": 0.444115770644487
  },
  "r_ntee_B": {
    "mean": 0.121781690241786,
    "sd": 0.32703356016037
  },
  "r_ntee_P": {
    "mean": 0.0977442199702522,
    "sd": 0.296968550262688
  },
  "r_ntee_A": {
    "mean": 0.0835800368778155,
    "sd": 0.276757009782887
  },
  "r_ntee_E": {
    "mean": 0.0465599878274542,
    "sd": 0.210694498448231
  },
  "r_ntee_X": {
    "mean": 0.0395762101704708,
    "sd": 0.194961400612417
  },
  "r_ntee_D": {
    "mean": 0.0387819809568753,
    "sd": 0.19307499219383
  },
  "r_ntee_T": {
    "mean": 0.0372115314290209,
    "sd": 0.189279810135989
  },
  "r_ntee_Q": {
    "mean": 0.0304909042194851,
    "sd": 0.171933765863358
  },
  "r_size_SMALL": {
    "mean": 0.239753579452507,
    "sd": 0.426933094971955
  },
  "r_size_MEDIUM": {
    "mean": 0.238903118369555,
    "sd": 0.426413514361375
  },
  "r_size_": {
    "mean": 0.205018087917976,
    "sd": 0.4037149135793
  },
  "r_size_LARGE": {
    "mean": 0.134818663247181,
    "sd": 0.341529843728073
  },
  "r_size_TINY": {
    "mean": 0.101455155819245,
    "sd": 0.301930522937959
  }
}